CPR_CARRIERID,CPR_NUMBER,CPR_STATUS,CPR_TIERLEVEL,CPR_PRIORITYCODE,ID_CUSTFQTVINFO,ID_CUSTOMERLEVEL,CCP_SSRCODE,CPR_REFQUALIFIER,CPR_PRIMEID,CPR_COMPANYID,DWH_SNAPSHOTTIMESTAMP
MH,334466241,OK,BLUE,,8263772,54144805,FQTV,,,MH,29MAY2022:09:06:40.003
MH,60182485,OK,PLAT,EMER,8263773,54144830,FQTV,,,MH,29MAY2022:09:06:41.737
MH,332429591,OK,BLUE,,8263774,54144839,FQTV,,,MH,29MAY2022:09:06:42.770
MH,334271383,OK,BLUE,,8263775,54144850,FQTV,,,MH,29MAY2022:09:06:43.330
MH,324671546,OK,BLUE,,8263776,54144854,FQTV,,,MH,29MAY2022:09:06:43.627
MH,308970233,OK,BLUE,,8263777,54144855,FQTV,,,MH,29MAY2022:09:06:43.703
MH,601942633,OK,SLVR,RUBY,8263778,54144858,FQTV,,,MH,29MAY2022:09:06:43.860
MH,305745591,OK,BLUE,,8263779,54144864,FQTV,,,MH,29MAY2022:09:06:44.660
MH,305745613,OK,BLUE,,8263780,54144865,FQTV,,,MH,29MAY2022:09:06:45.020
MH,305745635,OK,BLUE,,8263781,54144866,FQTV,,,MH,29MAY2022:09:06:45.113
MH,305745510,OK,BLUE,,8263782,54144867,FQTV,,,MH,29MAY2022:09:06:45.410
MH,326403151,OK,BLUE,,8263783,54144868,FQTV,,,MH,29MAY2022:09:06:45.787
MH,325845844,OK,BLUE,,8263784,54144878,FQTV,,,MH,29MAY2022:09:06:51.553
MH,332802956,OK,BLUE,,8263785,54144892,FQTV,,,MH,29MAY2022:09:06:58.263
MH,325896686,OK,BLUE,,8263786,54144909,FQTV,,,MH,29MAY2022:09:07:07.923
MH,601253192,OK,BLUE,,8263787,54144912,FQTV,,,MH,29MAY2022:09:07:09.270
MH,332678334,OK,BLUE,,8263788,54144919,FQTV,,,MH,29MAY2022:09:07:11.940
MH,327989911,OK,BLUE,,8263789,54144939,FQTV,,,MH,29MAY2022:09:13:58.267
MH,322296936,OK,BLUE,,8263790,54144950,FQTV,,,MH,29MAY2022:09:13:58.737
MH,306414920,OK,GOLD,SAPH,8263791,54144955,FQTV,,,MH,29MAY2022:09:13:59.097
AF,1734088531,OK,GOLD,ELIP,8263792,54144956,FQTV,UCI,2005F07F00047818,MH,29MAY2022:09:13:59.127
MH,334690646,OK,BLUE,,8263793,54144982,FQTV,,,MH,29MAY2022:09:14:00.987
MH,601942633,OK,SLVR,RUBY,8263794,54144997,FQTV,,,MH,29MAY2022:09:14:01.567
EK,272829222,OK,GOLD,,8263795,54144998,FQTV,,,MH,29MAY2022:09:14:01.613
MH,333525286,OK,BLUE,,8263796,54144999,FQTV,,,MH,29MAY2022:09:14:01.660
JL,4594447,OK,JMLM,EMER,8263797,54145008,FQTV,,,MH,29MAY2022:09:14:02.143
MH,335098094,OK,BLUE,,8263798,54145020,FQTV,,,MH,29MAY2022:09:14:02.913
MH,332399001,OK,BLUE,,8263799,54145033,FQTV,,,MH,29MAY2022:09:17:02.477
MH,334949355,OK,BLUE,,8263800,54145034,FQTV,,,MH,29MAY2022:09:17:02.537
MH,300262141,OK,BLUE,,8263801,54145069,FQTV,,,MH,29MAY2022:09:17:05.633
QF,4600782,OK,FFPL,EMER,8263802,54145070,FQTV,,,MH,29MAY2022:09:17:05.697
MH,334745202,OK,BLUE,,8263803,54145110,FQTV,,,MH,29MAY2022:09:17:09.073
MH,331889316,OK,BLUE,,8263804,54145117,FQTV,,,MH,29MAY2022:09:17:09.463
MH,601981424,OK,GOLD,SAPH,8263805,54145122,FQTV,,,MH,29MAY2022:09:17:09.780
MH,335027884,OK,BLUE,,8263806,54145123,FQTV,,,MH,29MAY2022:09:17:09.810
MH,12458143,OK,BLUE,,8263807,54145126,FQTV,,,MH,29MAY2022:09:17:09.997
MH,300204026,OK,BLUE,,8263808,54145128,FQTV,,,MH,29MAY2022:09:17:10.247
MH,323015232,OK,SLVR,RUBY,8263809,54145132,FQTV,,,MH,29MAY2022:09:23:47.357
MH,67255613,OK,SLVR,RUBY,8263810,54145133,FQTV,,,MH,29MAY2022:09:23:47.403
MH,323015276,OK,SLVR,RUBY,8263811,54145145,FQTV,,,MH,29MAY2022:09:23:48.170
MH,329100446,OK,BLUE,,8263812,54145146,FQTV,,,MH,29MAY2022:09:23:48.217
MH,324263590,OK,BLUE,,8263813,54145149,FQTV,,,MH,29MAY2022:09:23:48.713
MH,331654702,OK,BLUE,,8263814,54145153,FQTV,,,MH,29MAY2022:09:23:48.950
MH,313774440,OK,BLUE,,8263815,54145169,FQTV,,,MH,29MAY2022:09:23:50.107
MH,311238395,OK,SLVR,RUBY,8263816,54145173,FQTV,,,MH,29MAY2022:09:23:50.217
MH,334271383,OK,BLUE,,8263817,54145182,FQTV,,,MH,29MAY2022:09:23:50.590
MH,317951804,OK,BLUE,,8263818,54145190,FQTV,,,MH,29MAY2022:09:23:51.077
MH,318486313,OK,BLUE,,8263819,54145192,FQTV,,,MH,29MAY2022:09:23:51.200
MH,333345854,OK,BLUE,,8263820,54145193,FQTV,,,MH,29MAY2022:09:23:51.247
MH,300320635,OK,SLVR,RUBY,8263821,54145214,FQTV,,,MH,29MAY2022:09:23:52.950
MH,314406050,OK,BLUE,,8263822,54145221,FQTV,,,MH,29MAY2022:09:23:54.890
MH,314383904,OK,BLUE,,8263823,54145222,FQTV,,,MH,29MAY2022:09:23:54.937
MH,314383134,OK,BLUE,,8263824,54145223,FQTV,,,MH,29MAY2022:09:23:54.983
MH,16261663,OK,BLUE,,8263825,54145224,FQTV,,,MH,29MAY2022:09:23:55.030
MH,12588892,OK,BLUE,,8263826,54145225,FQTV,,,MH,29MAY2022:09:23:55.263
MH,10621601,OK,BLUE,,8263827,54145236,FQTV,,,MH,29MAY2022:09:23:55.770
MH,328098676,OK,BLUE,,8263828,54145251,FQTV,,,MH,29MAY2022:09:26:08.343
MH,13207644,OK,BLUE,,8263829,54145253,FQTV,,,MH,29MAY2022:09:26:08.440
MH,306781720,OK,BLUE,,8263830,54145259,FQTV,,,MH,29MAY2022:09:26:08.640
MH,334715975,OK,BLUE,,8263831,54145280,FQTV,,,MH,29MAY2022:09:26:10.390
MH,305394821,OK,BLUE,,8263832,54145286,FQTV,,,MH,29MAY2022:09:26:10.593
MH,334177421,OK,BLUE,,8263833,54145293,FQTV,,,MH,29MAY2022:09:26:10.860
MH,327021601,OK,BLUE,,8263834,54145297,FQTV,,,MH,29MAY2022:09:26:11.000
MH,330940595,OK,BLUE,,8263835,54145311,FQTV,,,MH,29MAY2022:09:26:11.767
MH,310620785,OK,BLUE,,8263836,54145312,FQTV,,,MH,29MAY2022:09:26:11.797
MH,68038493,OK,BLUE,,8263837,54145324,FQTV,,,MH,29MAY2022:09:26:15.737
MH,16814792,OK,GOLD,SAPH,8263838,54145335,FQTV,,,MH,29MAY2022:09:26:16.357
MH,334714435,OK,BLUE,,8263839,54145341,FQTV,,,MH,29MAY2022:09:26:16.613
MH,303654002,OK,SLVR,RUBY,8263840,54145342,FQTV,,,MH,29MAY2022:09:26:16.660
MH,324927385,OK,SLVR,RUBY,8263841,54145357,FQTV,,,MH,29MAY2022:09:26:17.333
MH,332861815,OK,BLUE,,8263842,54145360,FQTV,,,MH,29MAY2022:09:26:17.460
MH,318385631,OK,GOLD,SAPH,8263843,54145361,FQTV,,,MH,29MAY2022:09:26:17.507
MH,334310675,OK,BLUE,,8263844,54145388,FQTV,,,MH,29MAY2022:09:26:18.787
MH,12898653,OK,GOLD,SAPH,8263845,54145389,FQTV,,,MH,29MAY2022:09:26:18.833
MH,500207293,OK,BLUE,,8263846,54145392,FQTV,,,MH,29MAY2022:09:26:19.083
MH,323782351,OK,BLUE,,8263847,54145401,FQTV,,,MH,29MAY2022:09:26:19.427
MH,311863930,OK,SLVR,RUBY,8263848,54145404,FQTV,,,MH,29MAY2022:09:26:19.537
MH,331286185,OK,BLUE,,8263849,54145405,FQTV,,,MH,29MAY2022:09:26:19.567
MH,306124626,OK,BLUE,,8263850,54145407,FQTV,,,MH,29MAY2022:09:26:19.643
MH,334057102,OK,BLUE,,8263851,54145409,FQTV,,,MH,29MAY2022:09:30:58.897
MH,16501085,OK,BLUE,,8263852,54145427,FQTV,,,MH,29MAY2022:09:31:06.867
MH,334764743,OK,BLUE,,8263853,54145461,FQTV,,,MH,29MAY2022:09:31:19.210
MH,61626176,OK,SLVR,RUBY,8263854,54145463,FQTV,,,MH,29MAY2022:09:31:19.630
MH,67286026,OK,SLVR,RUBY,8263855,54145483,FQTV,,,MH,29MAY2022:09:31:27.040
MH,301947450,OK,GOLD,SAPH,8263856,54145501,FQTV,,,MH,29MAY2022:09:31:34.403
MH,331798062,OK,SLVR,RUBY,8263857,54145511,FQTV,,,MH,29MAY2022:09:31:38.610
MH,602203873,OK,GOLD,SAPH,8263858,54145538,FQTV,,,MH,29MAY2022:09:31:48.227
MH,MH014417686,,,,8263859,54145564,FQTV,,,MH,29MAY2022:09:32:02.870
MH,331861025,OK,BLUE,,8263860,54145599,FQTV,,,MH,29MAY2022:09:36:52.740
KL,8400335015,OK,PLAT,ELIP,8263861,54145604,FQTV,,,MH,29MAY2022:09:36:52.943
KL,5076783105,OK,EXPL,,8263862,54145605,FQTV,,,MH,29MAY2022:09:36:53.070
MH,332535114,OK,BLUE,,8263863,54145634,FQTV,,,MH,29MAY2022:09:36:55.020
MH,86379274,OK,SLVR,RUBY,8263864,54145640,FQTV,,,MH,29MAY2022:09:39:13.307
MH,332260692,OK,BLUE,,8263865,54145670,FQTV,,,MH,29MAY2022:09:39:18.187
MH,304768730,OK,BLUE,,8263866,54145676,FQTV,,,MH,29MAY2022:09:39:18.607
MH,325773221,OK,BLUE,,8263867,54145680,FQTV,,,MH,29MAY2022:09:39:18.733
MH,333960244,OK,BLUE,,8263868,54145696,FQTV,,,MH,29MAY2022:09:39:19.750
MH,321395922,OK,SLVR,RUBY,8263869,54145742,FQTV,,,MH,29MAY2022:09:43:36.583
MH,312012050,OK,BLUE,,8263870,54145745,FQTV,,,MH,29MAY2022:09:43:37.290
MH,309542693,OK,BLUE,,8263871,54145755,FQTV,,,MH,29MAY2022:09:43:40.527
MH,317848101,OK,PLAT,EMER,8263872,54145789,FQTV,,,MH,29MAY2022:09:43:49.890
MH,303460102,OK,BLUE,,8263873,54145804,FQTV,,,MH,29MAY2022:09:43:54.160
MH,283385233,OK,BLUE,,8263874,54145817,FQTV,,,MH,29MAY2022:09:46:34.580
MH,316998905,OK,BLUE,,8263875,54145824,FQTV,,,MH,29MAY2022:09:46:35.770
MH,310094315,OK,BLUE,,8263876,54145825,FQTV,,,MH,29MAY2022:09:46:35.817
MH,328242493,OK,BLUE,,8263877,54145831,FQTV,,,MH,29MAY2022:09:46:36.957
MH,334867256,OK,BLUE,,8263878,54145834,FQTV,,,MH,29MAY2022:09:46:37.050
MH,335201123,OK,BLUE,,8263879,54145841,FQTV,,,MH,29MAY2022:09:46:37.517
MH,311895780,OK,BLUE,,8263880,54145851,FQTV,,,MH,29MAY2022:09:46:37.910
MH,308556216,OK,SLVR,RUBY,8263881,54145854,FQTV,,,MH,29MAY2022:09:46:38.063
MH,67451414,OK,BLUE,,8263882,54145856,FQTV,UCI,200500880008CFEE,MH,29MAY2022:09:46:38.240
MH,67451414,OK,BLUE,,8263883,54145856,FQTV,UCI,200510880008D213,MH,29MAY2022:09:46:38.240
MH,13140595,OK,GOLD,SAPH,8263884,54145879,FQTV,,,MH,29MAY2022:09:46:40.470
MH,333296261,OK,BLUE,,8263885,54145884,FQTV,,,MH,29MAY2022:09:48:38.040
MH,335261312,OK,BLUE,,8263886,54145886,FQTV,,,MH,29MAY2022:09:48:38.163
MH,321500480,OK,BLUE,,8263887,54145899,FQTV,,,MH,29MAY2022:09:48:38.683
MH,325059011,OK,BLUE,,8263888,54145900,FQTV,,,MH,29MAY2022:09:48:38.747
MH,334079911,OK,BLUE,,8263889,54145901,FQTV,,,MH,29MAY2022:09:48:38.763
MH,301495504,OK,BLUE,,8263890,54145914,FQTV,,,MH,29MAY2022:09:48:39.843
MH,310907483,OK,BLUE,,8263891,54145929,FQTV,,,MH,29MAY2022:09:48:40.423
MH,322626076,OK,SLVR,RUBY,8263892,54145942,FQTV,,,MH,29MAY2022:09:50:19.517
MH,82597896,OK,BLUE,,8263893,54145943,FQTV,,,MH,29MAY2022:09:50:19.550
MH,311073346,OK,BLUE,,8263894,54145946,FQTV,,,MH,29MAY2022:09:50:19.627
MH,60532264,OK,PLAT,EMER,8263895,54145951,FQTV,,,MH,29MAY2022:09:50:19.830
MH,60780753,OK,GOLD,SAPH,8263896,54145957,FQTV,,,MH,29MAY2022:09:50:20.047
IB,91670869,OK,8,,8263897,54145961,FQTV,,,MH,29MAY2022:09:50:20.157
MH,333757222,OK,BLUE,,8263898,54145977,FQTV,,,MH,29MAY2022:09:50:20.750
MH,323710741,OK,BLUE,,8263899,54145987,FQTV,,,MH,29MAY2022:09:50:21.063
MH,326923461,OK,BLUE,,8263900,54146009,FQTV,,,MH,29MAY2022:09:50:21.987
MH,333479602,OK,BLUE,,8263901,54146015,FQTV,,,MH,29MAY2022:09:50:22.220
MH,335518422,OK,BLUE,,8263902,54146027,FQTV,,,MH,29MAY2022:09:53:12.823
MH,332841095,OK,BLUE,,8263903,54146028,FQTV,,,MH,29MAY2022:09:53:13.040
MH,326676593,OK,BLUE,,8263904,54146033,FQTV,,,MH,29MAY2022:09:53:14.557
MH,31500674,OK,SLVR,RUBY,8263905,54146042,FQTV,,,MH,29MAY2022:09:53:17.290
MH,333815893,OK,BLUE,,8263906,54146048,FQTV,,,MH,29MAY2022:09:53:19.087
MH,332822792,OK,BLUE,,8263907,54146081,FQTV,,,MH,29MAY2022:09:57:35.933
MH,323880513,OK,BLUE,,8263908,54146107,FQTV,UCI,2005B08E0002A1E0,MH,29MAY2022:09:57:43.720
MH,323880513,OK,BLUE,,8263909,54146107,FQTV,UCI,2005D08E0001E85D,MH,29MAY2022:09:57:43.720
MH,314512192,OK,BLUE,,8263910,54146114,FQTV,,,MH,29MAY2022:09:57:45.910
MH,314512251,OK,BLUE,,8263911,54146115,FQTV,,,MH,29MAY2022:09:57:46.207
MH,334790142,OK,BLUE,,8263912,54146116,FQTV,,,MH,29MAY2022:09:57:46.503
MH,60267933,OK,BLUE,,8263913,54146127,FQTV,,,MH,29MAY2022:09:57:50.680
MH,317855296,OK,GOLD,SAPH,8263914,54146129,FQTV,,,MH,29MAY2022:09:57:51.367
MH,312228851,OK,BLUE,,8263915,54146134,FQTV,,,MH,29MAY2022:09:57:53.010
MH,335576415,OK,BLUE,,8263916,54146147,FQTV,,,MH,29MAY2022:09:57:55.420
MH,305630393,OK,BLUE,,8263917,54146169,FQTV,,,MH,29MAY2022:09:59:47.673
MH,322526573,OK,BLUE,,8263424,54141687,FQTV,,,MH,29MAY2022:06:57:59.793
MH,334765292,OK,BLUE,,8263425,54141699,FQTV,,,MH,29MAY2022:06:58:03.933
MH,81851022,OK,BLUE,,8263426,54141714,FQTV,,,MH,29MAY2022:06:58:22.690
MH,303954873,OK,SLVR,RUBY,8263427,54141727,FQTV,,,MH,29MAY2022:06:58:30.737
MH,19025064,OK,PLAT,EMER,8263428,54141728,FQTV,,,MH,29MAY2022:06:58:31.170
MH,304936063,OK,GOLD,SAPH,8263429,54141738,FQTV,,,MH,29MAY2022:06:58:41.417
MH,333150613,OK,BLUE,,8263430,54141739,FQTV,,,MH,29MAY2022:06:58:41.790
MH,333150672,OK,BLUE,,8263431,54141740,FQTV,,,MH,29MAY2022:06:58:42.227
MH,19002771,OK,PLAT,EMER,8263432,54141741,FQTV,,,MH,29MAY2022:06:58:42.633
MH,234397413,OK,BLUE,,8263433,54141759,FQTV,,,MH,29MAY2022:06:58:51.217
MH,60532566,OK,BLUE,,8263434,54141762,FQTV,,,MH,29MAY2022:06:58:51.853
MH,328187112,OK,SLVR,RUBY,8263435,54141764,FQTV,,,MH,29MAY2022:06:58:52.620
MH,315907152,OK,BLUE,,8263436,54141789,FQTV,,,MH,29MAY2022:06:59:03.930
MH,312057675,OK,BLUE,,8263437,54141805,FQTV,,,MH,29MAY2022:06:59:10.127
AA,R12T158,,,,8263438,54141813,FQTV,,,JL,29MAY2022:06:59:10.690
MH,62377291,OK,GOLD,SAPH,8263439,54141819,FQTV,,,MH,29MAY2022:06:59:11.257
MH,310913621,OK,BLUE,,8263440,54141831,FQTV,,,MH,29MAY2022:06:59:14.927
MH,31517124,OK,BLUE,,8263441,54141870,FQTV,,,MH,29MAY2022:06:59:18.237
MH,328187112,OK,SLVR,RUBY,8263442,54141875,FQTV,,,MH,29MAY2022:06:59:18.907
MH,302170282,OK,GOLD,SAPH,8263443,54141896,FQTV,,,MH,29MAY2022:06:59:26.440
MH,325985612,OK,BLUE,,8263444,54141898,FQTV,,,MH,29MAY2022:07:08:48.677
MH,321533984,OK,BLUE,,8263445,54141899,FQTV,,,MH,29MAY2022:07:08:48.893
MH,301108006,OK,PLAT,EMER,8263446,54141900,FQTV,,,MH,29MAY2022:07:08:49.193
MH,13166204,OK,BLUE,,8263447,54141901,FQTV,,,MH,29MAY2022:07:08:49.600
MH,325655212,OK,BLUE,,8263448,54141910,FQTV,,,MH,29MAY2022:07:08:52.853
MH,300675336,OK,BLUE,,8263449,54141924,FQTV,,,MH,29MAY2022:07:09:01.677
MH,323889510,OK,BLUE,,8263450,54141925,FQTV,,,MH,29MAY2022:07:09:01.927
MH,66076323,OK,GOLD,SAPH,8263451,54141934,FQTV,,,MH,29MAY2022:07:09:05.360
MH,12677571,OK,BLUE,,8263452,54141935,FQTV,,,MH,29MAY2022:07:09:05.840
MH,16675606,OK,BLUE,,8263453,54141940,FQTV,,,MH,29MAY2022:07:09:08.980
MH,12466462,OK,BLUE,,8263454,54141944,FQTV,,,MH,29MAY2022:07:09:11.400
MH,330238635,OK,BLUE,,8263455,54141959,FQTV,,,MH,29MAY2022:07:09:18.610
MH,MH335446215,,,,8263456,54141963,FQTV,,,MH,29MAY2022:07:09:30.610
MH,MH335446215,,,,8263457,54141970,FQTV,,,MH,29MAY2022:07:09:34.413
MH,MH335446215,,,,8263458,54141971,FQTV,,,MH,29MAY2022:07:09:34.620
MH,MH335446215,,,,8263459,54141973,FQTV,,,MH,29MAY2022:07:09:35.027
MH,305403556,OK,BLUE,,8263460,54141996,FQTV,,,MH,29MAY2022:07:09:38.477
MH,600736732,OK,SLVR,RUBY,8263461,54142011,FQTV,,,MH,29MAY2022:07:09:42.520
MH,327135314,OK,SLVR,RUBY,8263462,54142018,FQTV,,,MH,29MAY2022:07:09:43.473
MH,64012631,OK,SLVR,RUBY,8263463,54142029,FQTV,,,MH,29MAY2022:07:13:59.723
MH,332593085,OK,BLUE,,8263464,54142040,FQTV,,,MH,29MAY2022:07:14:01.780
MH,333985293,OK,BLUE,,8263465,54142058,FQTV,,,MH,29MAY2022:07:14:03.440
MH,313319672,OK,BLUE,,8263466,54142063,FQTV,,,MH,29MAY2022:07:14:04.343
MH,316090364,OK,BLUE,,8263467,54142064,FQTV,,,MH,29MAY2022:07:14:04.953
MH,308104974,OK,BLUE,,8263468,54142082,FQTV,,,MH,29MAY2022:07:14:06.623
BT,2711960664,OK,BASE,,8263469,54142093,FQTV,,,BT,29MAY2022:07:14:07.420
MH,321341742,OK,BLUE,,8263470,54142097,FQTV,,,MH,29MAY2022:07:14:07.687
MH,318193385,OK,BLUE,,8263471,54142113,FQTV,,,MH,29MAY2022:07:14:09.157
MH,315926483,OK,BLUE,,8263472,54142116,FQTV,,,MH,29MAY2022:07:14:09.637
MH,330173045,OK,BLUE,,8263473,54142121,FQTV,,,MH,29MAY2022:07:14:10.107
MH,601716231,OK,BLUE,,8263474,54142143,FQTV,,,MH,29MAY2022:07:14:11.887
MH,330691675,OK,BLUE,,8263475,54142146,FQTV,,,MH,29MAY2022:07:14:12.513
MH,331099613,OK,BLUE,,8263476,54142149,FQTV,,,MH,29MAY2022:07:14:13.213
MH,10228610,OK,BLUE,,8263477,54142150,FQTV,,,MH,29MAY2022:07:14:13.243
KL,1109447053,OK,EXPL,,8263478,54142153,FQTV,,,MH,29MAY2022:07:14:13.400
SK,EBS627502743,OK,EBS,S,8263479,54142153,FQTV,,,SK,29MAY2022:07:14:13.400
MH,601122804,OK,BLUE,,8263480,54142161,FQTV,,,MH,29MAY2022:07:14:14.197
MH,20188055,OK,SLVR,RUBY,8263481,54142164,FQTV,,,MH,29MAY2022:07:14:14.353
MH,310295624,OK,BLUE,,8263482,54142178,FQTV,,,MH,29MAY2022:07:14:15.230
MH,313410705,OK,BLUE,,8263483,54142179,FQTV,,,MH,29MAY2022:07:14:15.417
MH,13740156,OK,SLVR,RUBY,8263484,54142182,FQTV,,,MH,29MAY2022:07:14:15.820
MH,305622925,OK,BLUE,,8263485,54142192,FQTV,,,MH,29MAY2022:07:14:16.897
MH,305636284,OK,BLUE,,8263486,54142193,FQTV,,,MH,29MAY2022:07:14:17.113
MH,16681895,OK,BLUE,,8263487,54142207,FQTV,,,MH,29MAY2022:07:14:20.020
MH,334755083,OK,BLUE,,8263488,54142209,FQTV,,,MH,29MAY2022:07:21:46.600
MH,61438882,OK,BLUE,,8263489,54142211,FQTV,,,MH,29MAY2022:07:21:46.757
MH,11632810,OK,BLUE,,8263490,54142212,FQTV,,,MH,29MAY2022:07:21:46.833
MH,305888424,OK,SLVR,RUBY,8263491,54142214,FQTV,,,MH,29MAY2022:07:21:47.143
MH,334754766,OK,BLUE,,8263492,54142217,FQTV,,,MH,29MAY2022:07:21:47.627
MH,334755352,OK,BLUE,,8263493,54142218,FQTV,,,MH,29MAY2022:07:21:47.707
MH,334755245,OK,BLUE,,8263494,54142219,FQTV,,,MH,29MAY2022:07:21:47.800
MH,23503896,OK,BLUE,,8263495,54142221,FQTV,,,MH,29MAY2022:07:21:48.143
MH,15008593,OK,GOLD,SAPH,8263496,54142227,FQTV,,,MH,29MAY2022:07:21:48.657
MH,68957184,OK,BLUE,,8263497,54142229,FQTV,,,MH,29MAY2022:07:21:48.863
MH,334119100,OK,BLUE,,8263498,54142237,FQTV,,,MH,29MAY2022:07:21:49.550
MH,334457981,OK,BLUE,,8263499,54142246,FQTV,,,MH,29MAY2022:07:21:50.393
MH,313319672,OK,BLUE,,8263500,54142248,FQTV,,,MH,29MAY2022:07:21:50.550
MH,316090364,OK,BLUE,,8263501,54142249,FQTV,,,MH,29MAY2022:07:21:50.627
MH,334755525,OK,BLUE,,8263502,54142250,FQTV,,,MH,29MAY2022:07:21:50.703
MH,66368890,OK,SLVR,RUBY,8263503,54142251,FQTV,,,MH,29MAY2022:07:21:50.780
MH,328476772,OK,GOLD,SAPH,8263504,54142257,FQTV,,,MH,29MAY2022:07:21:51.327
MH,334754280,OK,BLUE,,8263505,54142261,FQTV,,,MH,29MAY2022:07:21:51.640
MH,333312453,OK,BLUE,,8263506,54142272,FQTV,,,MH,29MAY2022:07:21:52.813
MH,300628845,OK,PLAT,EMER,8263507,54142283,FQTV,,,MH,29MAY2022:07:21:55.257
MH,333401412,OK,BLUE,,8263508,54142285,FQTV,,,MH,29MAY2022:07:21:55.477
MH,315810224,OK,BLUE,,8263509,54142286,FQTV,,,MH,29MAY2022:07:21:55.553
MH,306200893,OK,PLAT,EMER,8263510,54142293,FQTV,,,MH,29MAY2022:07:21:56.287
MH,310287983,OK,SLVR,RUBY,8263511,54142299,FQTV,,,MH,29MAY2022:07:21:56.757
MH,68444891,OK,GOLD,SAPH,8263512,54142306,FQTV,,,MH,29MAY2022:07:21:57.443
MH,12928425,OK,BLUE,,8263513,54142307,FQTV,,,MH,29MAY2022:07:21:57.490
MH,308705946,OK,SLVR,RUBY,8263514,54142316,FQTV,,,MH,29MAY2022:07:21:59.173
MH,309140952,OK,SLVR,RUBY,8263515,54142317,FQTV,,,MH,29MAY2022:07:21:59.317
MH,330589280,OK,BLUE,,8263516,54142323,FQTV,,,MH,29MAY2022:07:21:59.783
MH,272261441,OK,BLUE,,8263517,54142326,FQTV,,,MH,29MAY2022:07:22:00.033
MH,334905266,OK,BLUE,,8263518,54142327,FQTV,,,MH,29MAY2022:07:22:00.130
MH,302560495,OK,GOLD,SAPH,8263519,54142334,FQTV,,,MH,29MAY2022:07:22:00.690
MH,304662890,OK,SLVR,RUBY,8263520,54142357,FQTV,,,MH,29MAY2022:07:22:04.893
MH,308903615,OK,BLUE,,8263521,54142360,FQTV,,,MH,29MAY2022:07:22:05.127
MH,326376094,OK,BLUE,,8263522,54142385,FQTV,,,MH,29MAY2022:07:34:12.287
MH,251062276,OK,SLVR,RUBY,8263523,54142386,FQTV,,,MH,29MAY2022:07:34:12.320
MH,200660261,OK,BLUE,,8263524,54142394,FQTV,,,MH,29MAY2022:07:34:13.173
MH,334901346,OK,BLUE,,8263525,54142395,FQTV,,,MH,29MAY2022:07:34:13.317
MH,14650705,OK,SLVR,RUBY,8263526,54142402,FQTV,,,MH,29MAY2022:07:34:14.067
MH,MH067923450,,,,8263527,54142421,FQTV,,,MH,29MAY2022:07:34:14.910
MH,80371443,OK,GOLD,SAPH,8263528,54142432,FQTV,,,MH,29MAY2022:07:34:15.600
MH,13951954,OK,SLVR,RUBY,8263529,54142434,FQTV,,,MH,29MAY2022:07:34:15.680
MH,200228906,OK,BLUE,,8263530,54142435,FQTV,,,MH,29MAY2022:07:34:15.757
MH,14844690,OK,BLUE,,8263531,54142436,FQTV,,,MH,29MAY2022:07:34:15.820
QR,575887396,OK,BURG,,8263532,54142439,FQTV,,,MH,29MAY2022:07:34:16.130
MH,302867585,OK,PLAT,EMER,8263533,54142441,FQTV,,,MH,29MAY2022:07:34:16.430
MH,300628845,OK,PLAT,EMER,8263534,54142442,FQTV,,,MH,29MAY2022:07:34:16.477
MH,332816680,OK,BLUE,,8263535,54142455,FQTV,,,MH,29MAY2022:07:34:17.227
MH,15134862,OK,BLUE,,8263536,54142466,FQTV,,,MH,29MAY2022:07:34:18.700
MH,60796385,OK,BLUE,,8263537,54142471,FQTV,,,MH,29MAY2022:07:34:19.243
MH,333749065,OK,BLUE,,8263538,54142474,FQTV,,,MH,29MAY2022:07:34:19.447
MH,325907083,OK,BLUE,,8263539,54142487,FQTV,,,MH,29MAY2022:07:34:20.963
MH,20549550,OK,BLUE,,8263540,54142496,FQTV,,,MH,29MAY2022:07:34:21.857
MH,16296070,OK,GOLD,SAPH,8263541,54142501,FQTV,,,MH,29MAY2022:07:34:22.383
MH,300628845,OK,PLAT,EMER,8263542,54142502,FQTV,,,MH,29MAY2022:07:34:22.463
MH,328476772,OK,GOLD,SAPH,8263543,54142503,FQTV,,,MH,29MAY2022:07:34:22.510
MH,312023353,OK,BLUE,,8263544,54142520,FQTV,,,MH,29MAY2022:07:34:25.083
MH,62740856,OK,GOLD,SAPH,8263545,54142525,FQTV,,,MH,29MAY2022:07:34:25.617
MH,30659344,OK,BLUE,,8263546,54142537,FQTV,,,MH,29MAY2022:07:34:26.337
MH,329924210,OK,BLUE,,8263547,54142538,FQTV,,,MH,29MAY2022:07:34:26.370
MH,63696636,OK,SLVR,RUBY,8263548,54142542,FQTV,,,MH,29MAY2022:07:34:26.650
MH,308970233,OK,BLUE,,8263549,54142547,FQTV,,,MH,29MAY2022:07:34:26.900
AA,167HJJ6,OK,,EMER,8263550,54142549,FQTV,,,MH,29MAY2022:07:34:27.010
BA,16336770,OK,SILV,SAPH,8263551,54142550,FQTV,,,MH,29MAY2022:07:34:27.040
MH,333698831,OK,BLUE,,8263552,54142559,FQTV,,,MH,29MAY2022:07:34:27.667
MH,306489330,OK,SLVR,RUBY,8263553,54142560,FQTV,,,MH,29MAY2022:07:34:27.713
MH,328476772,OK,GOLD,SAPH,8263554,54142571,FQTV,,,MH,29MAY2022:07:34:28.370
MH,601991202,OK,SLVR,RUBY,8263555,54142575,FQTV,,,MH,29MAY2022:07:34:28.527
MH,13452180,OK,BLUE,,8263556,54142584,FQTV,,,MH,29MAY2022:07:34:29.120
MH,333751460,OK,BLUE,,8263557,54142585,FQTV,,,MH,29MAY2022:07:34:29.183
MH,307049201,OK,GOLD,SAPH,8263558,54142593,FQTV,,,MH,29MAY2022:07:34:29.633
MH,81400211,OK,GOLD,SAPH,8263559,54142598,FQTV,,,MH,29MAY2022:07:34:30.180
MH,321931304,OK,BLUE,,8263560,54142603,FQTV,,,MH,29MAY2022:07:34:30.573
MH,333512745,OK,BLUE,,8263561,54142607,FQTV,,,MH,29MAY2022:07:34:30.730
MH,333735522,OK,BLUE,,8263562,54142629,FQTV,,,MH,29MAY2022:07:41:26.070
MH,601648950,OK,BLUE,,8263563,54142630,FQTV,,,MH,29MAY2022:07:41:26.307
MH,16507466,OK,BLUE,,8263564,54142640,FQTV,,,MH,29MAY2022:07:41:30.560
MH,60057594,OK,GOLD,SAPH,8263565,54142641,FQTV,,,MH,29MAY2022:07:41:30.953
MH,313746322,OK,BLUE,,8263566,54142652,FQTV,,,MH,29MAY2022:07:41:36.733
MH,13089300,OK,GOLD,SAPH,8263567,54142658,FQTV,,,MH,29MAY2022:07:41:40.297
MH,31923544,OK,GOLD,SAPH,8263568,54142665,FQTV,,,MH,29MAY2022:07:41:42.610
MH,13737220,OK,SLVR,RUBY,8263569,54142674,FQTV,,,MH,29MAY2022:07:41:46.750
MH,334472913,OK,BLUE,,8263570,54142678,FQTV,,,MH,29MAY2022:07:41:48.433
MH,331560493,OK,BLUE,,8263571,54142679,FQTV,,,MH,29MAY2022:07:41:48.810
EY,5.00041E+11,,,,8263572,54142685,FQTV,,,MH,29MAY2022:07:41:52.247
MH,305519351,OK,BLUE,,8263573,54142690,FQTV,,,MH,29MAY2022:07:41:55.080
EY,5.00033E+11,,,,8263574,54142696,FQTV,,,MH,29MAY2022:07:41:58.130
MH,31302526,OK,BLUE,,8263575,54142702,FQTV,,,MH,29MAY2022:07:42:00.803
MH,601462956,OK,BLUE,,8263576,54142703,FQTV,,,MH,29MAY2022:07:42:01.070
MH,315218374,OK,BLUE,,8263577,54142705,FQTV,,,MH,29MAY2022:07:42:01.617
MH,324738131,OK,BLUE,,8263578,54142706,FQTV,,,MH,29MAY2022:07:42:01.880
MH,306962946,OK,BLUE,,8263579,54142720,FQTV,,,MH,29MAY2022:07:42:08.193
MH,315907152,OK,BLUE,,8263580,54142729,FQTV,,,MH,29MAY2022:07:42:10.520
MH,306530405,OK,BLUE,,8263581,54142730,FQTV,,,MH,29MAY2022:07:42:11.813
MH,13980621,OK,BLUE,,8263582,54142731,FQTV,,,MH,29MAY2022:07:42:12.220
MH,335154691,OK,BLUE,,8263583,54142732,FQTV,,,MH,29MAY2022:07:42:12.613
MH,254737092,OK,BLUE,,8263584,54142736,FQTV,,,MH,29MAY2022:07:42:14.070
MH,68237164,OK,BLUE,,8263585,54142738,FQTV,,,MH,29MAY2022:07:42:14.507
MH,500033796,OK,BLUE,,8263586,54142740,FQTV,,,MH,29MAY2022:07:42:15.257
MH,335569625,OK,BLUE,,8263587,54142746,FQTV,,,MH,29MAY2022:07:42:17.087
MH,330979714,OK,BLUE,,8263588,54142753,FQTV,,,MH,29MAY2022:07:42:20.010
MH,312139483,OK,GOLD,SAPH,8263589,54142760,FQTV,,,MH,29MAY2022:07:42:22.710
MH,65732531,OK,BLUE,,8263590,54142766,FQTV,,,MH,29MAY2022:07:42:24.927
MH,305088206,OK,BLUE,,8263591,54142778,FQTV,,,MH,29MAY2022:07:42:30.943
MH,334586523,OK,BLUE,,8263592,54142779,FQTV,,,MH,29MAY2022:07:42:31.430
MH,61110335,OK,BLUE,,8263593,54142782,FQTV,,,MH,29MAY2022:07:42:32.710
MH,61110335,OK,BLUE,,8263594,54142782,FQTV,,,QR,29MAY2022:07:42:32.710
MH,309519674,OK,SLVR,RUBY,8263595,54142795,FQTV,,,MH,29MAY2022:07:42:39.313
MH,62536364,OK,SLVR,RUBY,8263596,54142797,FQTV,,,MH,29MAY2022:07:42:39.703
MH,317412712,OK,BLUE,,8263597,54142800,FQTV,,,MH,29MAY2022:07:42:40.703
MH,302675446,OK,BLUE,,8263598,54142815,FQTV,,,MH,29MAY2022:07:42:48.403
MH,304209835,OK,BLUE,,8263599,54142834,FQTV,,,MH,29MAY2022:07:47:21.083
MH,310708263,OK,BLUE,,8263600,54142842,FQTV,,,MH,29MAY2022:07:47:21.993
BA,23645371,OK,BRNZ,RUBY,8263601,54142850,FQTV,,,MH,29MAY2022:07:47:23.027
MH,316065094,OK,BLUE,,8263602,54142858,FQTV,,,MH,29MAY2022:07:47:23.827
CX,1021606763,OK,DM,EMER,8263603,54142874,FQTV,,,MH,29MAY2022:07:47:25.123
MH,272208495,OK,SLVR,RUBY,8263604,54142883,FQTV,,,MH,29MAY2022:07:47:25.717
MH,317529855,OK,BLUE,,8263605,54142885,FQTV,,,MH,29MAY2022:07:47:25.873
CX,1080631751,OK,GO,SAPH,8263606,54142887,FQTV,,,MH,29MAY2022:07:47:25.980
MH,310291376,OK,BLUE,,8263607,54142895,FQTV,,,MH,29MAY2022:07:47:28.057
MH,16387372,OK,SLVR,RUBY,8263608,54142919,FQTV,,,MH,29MAY2022:07:47:30.310
MH,300226076,OK,BLUE,,8263609,54142923,FQTV,,,MH,29MAY2022:07:47:31.060
MH,334377890,OK,BLUE,,8263610,54142924,FQTV,,,MH,29MAY2022:07:47:31.140
MH,600851274,OK,BLUE,,8263611,54142933,FQTV,,,MH,29MAY2022:07:47:31.513
MH,16904915,OK,SLVR,RUBY,8263612,54142936,FQTV,,,MH,29MAY2022:07:47:31.920
MH,700314926,OK,SLVR,RUBY,8263613,54142937,FQTV,,,MH,29MAY2022:07:47:31.950
MH,284161253,OK,BLUE,,8263614,54142938,FQTV,,,MH,29MAY2022:07:47:32.000
MH,333382932,OK,BLUE,,8263615,54142940,FQTV,,,MH,29MAY2022:07:47:32.110
MH,333378006,OK,BLUE,,8263616,54142941,FQTV,,,MH,29MAY2022:07:47:32.203
MH,61339530,OK,BLUE,,8263617,54142963,FQTV,,,MH,29MAY2022:07:47:34.080
MH,80401742,OK,GOLD,SAPH,8263618,54142970,FQTV,,,MH,29MAY2022:07:47:34.860
BA,40733778,OK,BLUE,,8263619,54142972,FQTV,,,MH,29MAY2022:07:47:35.047
BA,13493286,OK,BLUE,,8263620,54142973,FQTV,,,MH,29MAY2022:07:47:35.217
MH,12215405,OK,BLUE,,8263621,54142980,FQTV,,,MH,29MAY2022:07:47:35.797
MH,322493566,OK,BLUE,,8263622,54142982,FQTV,,,MH,29MAY2022:07:47:35.873
MH,334763951,OK,BLUE,,8263623,54142997,FQTV,,,MH,29MAY2022:07:47:40.680
MH,10121182,OK,GOLD,SAPH,8263624,54142999,FQTV,,,MH,29MAY2022:07:47:41.340
MH,322764260,OK,BLUE,,8263625,54143009,FQTV,,,MH,29MAY2022:07:47:46.813
MH,335244136,OK,BLUE,,8263626,54143010,FQTV,,,MH,29MAY2022:07:47:47.907
MH,12977344,OK,SLVR,RUBY,8263627,54143021,FQTV,,,MH,29MAY2022:07:55:50.207
MH,23659226,OK,BLUE,,8263628,54143024,FQTV,,,MH,29MAY2022:07:55:51.097
MH,318500943,OK,BLUE,,8263629,54143036,FQTV,,,MH,29MAY2022:07:55:53.717
MH,335365376,OK,BLUE,,8263630,54143048,FQTV,,,MH,29MAY2022:07:55:55.667
MH,325907083,OK,BLUE,,8263631,54143055,FQTV,,,MH,29MAY2022:07:55:57.103
MH,322884704,OK,BLUE,,8263632,54143057,FQTV,,,MH,29MAY2022:07:55:57.930
MH,306363783,OK,GOLD,SAPH,8263633,54143058,FQTV,,,MH,29MAY2022:07:55:58.103
MH,16777014,OK,PLAT,EMER,8263634,54143060,FQTV,,,MH,29MAY2022:07:55:58.447
MH,317026301,OK,BLUE,,8263635,54143061,FQTV,,,MH,29MAY2022:07:55:58.943
MH,235915186,OK,BLUE,,8263636,54143064,FQTV,,,MH,29MAY2022:07:55:59.740
MH,334736743,OK,BLUE,,8263637,54143066,FQTV,,,MH,29MAY2022:07:56:00.523
MH,302485680,OK,BLUE,,8263638,54143067,FQTV,UCI,2006208F0000ED32,MH,29MAY2022:07:56:00.790
MH,309357484,OK,BLUE,,8263639,54143074,FQTV,,,MH,29MAY2022:07:56:03.660
MH,19035310,OK,BLUE,,8263640,54143078,FQTV,,,MH,29MAY2022:07:56:04.680
MH,63678661,OK,BLUE,,8263641,54143095,FQTV,,,MH,29MAY2022:07:56:11.373
MH,323122332,OK,BLUE,,8263642,54143096,FQTV,,,MH,29MAY2022:07:56:11.810
MH,303702070,OK,BLUE,,8263643,54143110,FQTV,,,MH,29MAY2022:07:56:15.280
MH,16037372,OK,BLUE,,8263644,54143112,FQTV,,,MH,29MAY2022:07:56:16.097
MH,62885664,OK,GOLD,SAPH,8263645,54143123,FQTV,,,MH,29MAY2022:07:56:17.373
MH,305211130,OK,BLUE,,8263646,54143124,FQTV,,,MH,29MAY2022:07:56:17.530
MH,333888542,OK,BLUE,,8263647,54143130,FQTV,,,MH,29MAY2022:07:56:17.970
MH,333994205,OK,BLUE,,8263648,54143138,FQTV,,,MH,29MAY2022:07:56:18.593
MH,302224134,OK,BLUE,,8263649,54143145,FQTV,,,MH,29MAY2022:07:56:18.983
MH,334092426,OK,BLUE,,8263650,54143146,FQTV,,,MH,29MAY2022:07:56:19.107
MH,10614306,OK,BLUE,,8263651,54143154,FQTV,,,MH,29MAY2022:07:56:19.920
MH,302462521,OK,BLUE,,8263652,54143155,FQTV,,,MH,29MAY2022:07:56:19.997
MH,61687080,OK,BLUE,,8263653,54143176,FQTV,,,MH,29MAY2022:08:01:24.333
MH,305132026,OK,GOLD,SAPH,8263654,54143183,FQTV,UCI,2005C08D00085F5B,MH,29MAY2022:08:01:26.523
MH,305132026,OK,GOLD,SAPH,8263655,54143183,FQTV,UCI,2005D08F00011D76,MH,29MAY2022:08:01:26.523
AA,753YFK6,,,,8263656,54143188,FQTV,,,MH,29MAY2022:08:01:29.853
MH,30568370,OK,BLUE,,8263657,54143189,FQTV,,,MH,29MAY2022:08:01:30.553
MH,333262926,OK,BLUE,,8263658,54143218,FQTV,,,MH,29MAY2022:08:01:41.527
MH,334049450,OK,BLUE,,8263659,54143246,FQTV,,,MH,29MAY2022:08:01:52.387
MH,322648966,OK,BLUE,,8263660,54143265,FQTV,,,MH,29MAY2022:08:02:00.207
MH,328168083,OK,BLUE,,8263661,54143309,FQTV,,,MH,29MAY2022:08:09:28.937
MH,335456236,OK,BLUE,,8263662,54143326,FQTV,,,MH,29MAY2022:08:09:30.613
MH,332947952,OK,BLUE,,8263663,54143367,FQTV,,,MH,29MAY2022:08:09:33.313
MH,19225135,OK,GOLD,SAPH,8263664,54143386,FQTV,,,MH,29MAY2022:08:09:34.853
MH,333159481,OK,BLUE,,8263665,54143392,FQTV,,,MH,29MAY2022:08:09:35.420
MH,330911722,OK,BLUE,,8263666,54143396,FQTV,,,MH,29MAY2022:08:09:35.593
MH,66188780,OK,BLUE,,8263667,54143408,FQTV,,,MH,29MAY2022:08:09:36.263
MH,332690422,OK,BLUE,,8263668,54143421,FQTV,,,MH,29MAY2022:08:09:37.323
MH,65401604,OK,BLUE,,8263669,54143438,FQTV,,,MH,29MAY2022:08:09:38.060
MH,310398410,OK,BLUE,,8263670,54143441,FQTV,,,MH,29MAY2022:08:13:18.160
MH,325717416,OK,BLUE,,8263671,54143454,FQTV,,,MH,29MAY2022:08:13:21.350
MH,334812940,OK,BLUE,,8263672,54143455,FQTV,,,MH,29MAY2022:08:13:21.693
MH,301668496,OK,BLUE,,8263673,54143466,FQTV,,,MH,29MAY2022:08:13:28.147
MH,334591644,OK,BLUE,,8263674,54143478,FQTV,,,MH,29MAY2022:08:13:30.617
MH,305132026,OK,GOLD,SAPH,8263675,54143483,FQTV,UCI,2005D08F00011D76,MH,29MAY2022:08:13:31.897
MH,305132026,OK,GOLD,SAPH,8263676,54143483,FQTV,UCI,2005C08D00085F5B,MH,29MAY2022:08:13:31.897
MH,235740724,OK,BLUE,,8263677,54143500,FQTV,,,MH,29MAY2022:08:13:37.437
MH,15142142,OK,SLVR,RUBY,8263678,54143512,FQTV,,,MH,29MAY2022:08:13:42.143
MH,334967286,OK,BLUE,,8263679,54143527,FQTV,,,MH,29MAY2022:08:13:47.970
MH,314546540,OK,BLUE,,8263680,54143529,FQTV,,,MH,29MAY2022:08:13:48.627
MH,334350623,OK,BLUE,,8263681,54143539,FQTV,,,MH,29MAY2022:08:19:16.160
MH,327244050,OK,BLUE,,8263682,54143540,FQTV,,,MH,29MAY2022:08:19:16.177
MH,335056190,OK,BLUE,,8263683,54143571,FQTV,,,MH,29MAY2022:08:19:17.877
MH,322352951,OK,BLUE,,8263684,54143579,FQTV,,,MH,29MAY2022:08:19:18.173
MH,MH082809823,,,,8263685,54143590,FQTV,,,MH,29MAY2022:08:19:18.990
MH,MH319363063,,,,8263686,54143591,FQTV,,,MH,29MAY2022:08:19:19.037
MH,13321372,OK,BLUE,,8263687,54143618,FQTV,,,MH,29MAY2022:08:19:20.307
MH,61910295,OK,BLUE,,8263688,54143642,FQTV,,,MH,29MAY2022:08:19:21.727
MH,334910962,OK,BLUE,,8263689,54143657,FQTV,,,MH,29MAY2022:08:19:22.587
MH,334910984,OK,BLUE,,8263690,54143665,FQTV,,,MH,29MAY2022:08:19:22.853
MH,333864554,OK,BLUE,,8263691,54143667,FQTV,,,MH,29MAY2022:08:19:22.917
MH,331727314,OK,BLUE,,8263692,54143668,FQTV,,,MH,29MAY2022:08:19:22.930
MH,314202781,OK,BLUE,,8263693,54143683,FQTV,,,MH,29MAY2022:08:19:23.527
AY,713255313,OK,PLUS,,8263694,54143684,FQTV,,,MH,29MAY2022:08:19:23.590
MH,334432991,OK,BLUE,,8263695,54143691,FQTV,,,MH,29MAY2022:08:19:23.917
MH,334184222,OK,BLUE,,8263696,54143692,FQTV,,,MH,29MAY2022:08:19:23.963
MH,500067385,OK,SLVR,RUBY,8263697,54143727,FQTV,,,MH,29MAY2022:08:21:49.460
MH,19001953,OK,GOLD,SAPH,8263698,54143730,FQTV,,,MH,29MAY2022:08:21:49.603
MH,327222254,OK,BLUE,,8263699,54143731,FQTV,,,MH,29MAY2022:08:21:49.633
MH,327893893,OK,BLUE,,8263700,54143736,FQTV,,,MH,29MAY2022:08:21:49.807
MH,307820133,OK,BLUE,,8263701,54143748,FQTV,,,MH,29MAY2022:08:21:50.543
MH,68685466,OK,BLUE,,8263702,54143756,FQTV,,,MH,29MAY2022:08:21:51.170
MH,60039755,OK,GOLD,SAPH,8263703,54143762,FQTV,,,MH,29MAY2022:08:21:51.390
MH,333563215,OK,BLUE,,8263704,54143763,FQTV,,,MH,29MAY2022:08:21:51.420
MH,333224286,OK,BLUE,,8263705,54143770,FQTV,,,MH,29MAY2022:08:21:52.047
MH,284319910,OK,SLVR,RUBY,8263706,54143776,FQTV,,,MH,29MAY2022:08:21:52.563
MH,67796061,OK,GOLD,SAPH,8263707,54143785,FQTV,,,MH,29MAY2022:08:21:53.047
MH,16025822,OK,BLUE,,8263708,54143790,FQTV,,,MH,29MAY2022:08:21:53.297
MH,334628372,OK,BLUE,,8263709,54143800,FQTV,,,MH,29MAY2022:08:21:53.797
MH,334703165,OK,BLUE,,8263710,54143803,FQTV,,,MH,29MAY2022:08:21:54.000
MH,335149743,OK,BLUE,,8263711,54143804,FQTV,,,MH,29MAY2022:08:21:54.030
MH,331836853,OK,BLUE,,8263712,54143822,FQTV,,,MH,29MAY2022:08:29:14.723
MH,12406111,OK,BLUE,,8263713,54143827,FQTV,,,MH,29MAY2022:08:29:15.147
MH,335177146,OK,BLUE,,8263714,54143848,FQTV,,,MH,29MAY2022:08:29:16.473
MH,315617573,OK,BLUE,,8263715,54143856,FQTV,,,MH,29MAY2022:08:29:18.070
SQ,8570035448,OK,QPPS,G,8263716,54143861,FQTV,,,SQ,29MAY2022:08:29:18.383
MH,67160214,OK,SLVR,RUBY,8263717,54143862,FQTV,,,MH,29MAY2022:08:29:18.633
MH,315643016,OK,SLVR,RUBY,8263718,54143863,FQTV,,,MH,29MAY2022:08:29:18.697
MH,334581321,OK,BLUE,,8263719,54143864,FQTV,,,MH,29MAY2022:08:29:18.820
MH,306507316,OK,BLUE,,8263720,54143872,FQTV,,,MH,29MAY2022:08:29:19.383
MH,312314343,OK,BLUE,,8263721,54143873,FQTV,,,MH,29MAY2022:08:29:19.477
MH,306920946,OK,BLUE,,8263722,54143877,FQTV,,,MH,29MAY2022:08:29:19.790
MH,325719494,OK,BLUE,,8263723,54143890,FQTV,,,MH,29MAY2022:08:29:20.983
MH,12406122,OK,BLUE,,8263724,54143897,FQTV,,,MH,29MAY2022:08:29:21.890
MH,305620523,OK,BLUE,,8263725,54143926,FQTV,,,MH,29MAY2022:08:29:24.047
MH,332140841,OK,BLUE,,8263726,54143929,FQTV,,,MH,29MAY2022:08:29:24.547
MH,332770793,OK,BLUE,,8263727,54143943,FQTV,,,MH,29MAY2022:08:29:26.083
MH,327624172,OK,BLUE,,8263728,54143959,FQTV,,,MH,29MAY2022:08:29:28.007
MH,67298814,OK,SLVR,RUBY,8263729,54143961,FQTV,,,MH,29MAY2022:08:29:28.117
MH,601815465,OK,SLVR,RUBY,8263730,54143965,FQTV,,,MH,29MAY2022:08:29:28.350
MH,318525325,OK,BLUE,,8263731,54144142,FQTV,,,MH,29MAY2022:08:34:22.377
MH,333512933,OK,BLUE,,8263732,54144159,FQTV,,,MH,29MAY2022:08:39:02.610
MH,317720620,OK,BLUE,,8263733,54144163,FQTV,,,MH,29MAY2022:08:39:02.793
MH,333991663,OK,BLUE,,8263734,54144164,FQTV,,,MH,29MAY2022:08:39:02.827
MH,300474650,OK,SLVR,RUBY,8263735,54144189,FQTV,,,MH,29MAY2022:08:39:05.140
MH,328813914,OK,BLUE,,8263736,54144221,FQTV,,,MH,29MAY2022:08:39:07.280
MH,325045976,OK,BLUE,,8263737,54144239,FQTV,,,MH,29MAY2022:08:39:08.750
MH,325045803,OK,BLUE,,8263738,54144240,FQTV,,,MH,29MAY2022:08:39:08.797
MH,30637666,OK,PLAT,EMER,8263739,54144264,FQTV,,,MH,29MAY2022:08:43:07.643
MH,13174335,OK,BLUE,,8263740,54144305,FQTV,,,MH,29MAY2022:08:43:20.863
MH,11277066,OK,BLUE,,8263741,54144321,FQTV,,,MH,29MAY2022:08:43:26.277
MH,318495284,OK,BLUE,,8263742,54144333,FQTV,,,MH,29MAY2022:08:43:31.293
MH,331910025,OK,BLUE,,8263743,54144353,FQTV,,,MH,29MAY2022:08:43:37.740
MH,332793882,OK,BLUE,,8263744,54144372,FQTV,,,MH,29MAY2022:08:43:43.397
MH,13873171,OK,BLUE,,8263745,54144412,FQTV,,,MH,29MAY2022:08:51:45.343
MH,16883871,OK,GOLD,SAPH,8263746,54144417,FQTV,,,MH,29MAY2022:08:51:48.250
MH,333923413,OK,BLUE,,8263747,54144427,FQTV,,,MH,29MAY2022:08:51:54.107
MH,30181793,OK,SLVR,RUBY,8263748,54144434,FQTV,,,MH,29MAY2022:08:51:56.390
MH,61254723,OK,BLUE,,8263749,54144454,FQTV,,,MH,29MAY2022:08:52:07.553
MH,326408950,OK,BLUE,,8263750,54144460,FQTV,,,MH,29MAY2022:08:52:09.837
MH,334634996,OK,BLUE,,8263751,54144488,FQTV,,,MH,29MAY2022:08:52:22.457
MH,326540826,OK,BLUE,,8263752,54144489,FQTV,,,MH,29MAY2022:08:52:22.830
MH,326463970,OK,BLUE,,8263753,54144490,FQTV,,,MH,29MAY2022:08:52:23.170
MH,327797540,OK,BLUE,,8263754,54144500,FQTV,,,MH,29MAY2022:08:52:26.863
MH,65355415,OK,BLUE,,8263755,54144501,FQTV,,,MH,29MAY2022:08:52:27.177
MH,16140202,OK,BLUE,,8263756,54144502,FQTV,,,MH,29MAY2022:08:52:27.897
MH,9002033,OK,PLAT,EMER,8263757,54144504,FQTV,,,MH,29MAY2022:08:52:29.207
MH,323408735,OK,BLUE,,8263758,54144506,FQTV,,,MH,29MAY2022:08:52:29.910
MH,308307506,OK,BLUE,,8263759,54144512,FQTV,,,MH,29MAY2022:08:52:31.710
MH,308316050,OK,BLUE,,8263760,54144513,FQTV,,,MH,29MAY2022:08:52:31.920
MH,31591453,OK,PLAT,EMER,8263761,54144516,FQTV,,,MH,29MAY2022:08:52:32.643
MH,333959780,OK,BLUE,,8263762,54144518,FQTV,,,MH,29MAY2022:08:52:33.597
MH,322388415,OK,BLUE,,8263763,54144546,FQTV,,,MH,29MAY2022:09:02:25.380
MH,325825301,OK,BLUE,,8263764,54144581,FQTV,,,MH,29MAY2022:09:02:27.227
MH,66976136,OK,BLUE,,8263765,54144608,FQTV,,,MH,29MAY2022:09:02:29.287
MH,333803002,OK,BLUE,,8263766,54144662,FQTV,,,MH,29MAY2022:09:02:33.260
MH,331790421,OK,BLUE,,8263767,54144677,FQTV,,,MH,29MAY2022:09:02:34.020
MH,331216126,OK,BLUE,,8263768,54144693,FQTV,,,MH,29MAY2022:09:04:24.090
MH,300262141,OK,BLUE,,8263769,54144732,FQTV,,,MH,29MAY2022:09:04:25.543
JL,341279967,OK,JGPM,EMER,8263770,54144735,FQTV,,,MH,29MAY2022:09:04:25.713
MH,13077875,OK,BLUE,,8263771,54144736,FQTV,,,MH,29MAY2022:09:04:25.763
